pdg_rank,gene_name,best_score,mean_score,n_ppi,best_rank,ppi_list
1,SPTAN1,0.9999428987503052,0.9996967216332754,6,1,"CPDB,IREF,IREF_2015,MULTINET,PCNET,STRING"
2,ITPR1,0.9998857975006104,0.9994165102640787,6,4,"CPDB,IREF,IREF_2015,MULTINET,PCNET,STRING"
3,SOS1,0.9998101592063904,0.9995775520801544,6,1,"CPDB,IREF,IREF_2015,MULTINET,PCNET,STRING"
4,DSP,0.9999411106109619,0.9995996952056885,5,2,"CPDB,IREF,IREF_2015,MULTINET,PCNET"
5,SPTBN1,0.9999327659606934,0.9995257139205933,5,4,"CPDB,IREF,IREF_2015,MULTINET,PCNET"
6,FN1,0.9998898506164551,0.9994938254356385,5,6,"CPDB,IREF,IREF_2015,PCNET,STRING"
7,TLN1,0.9998565912246704,0.99951012134552,5,13,"CPDB,IREF,MULTINET,PCNET,STRING"
8,PRKDC,0.9998558759689331,0.9995005011558533,5,1,"CPDB,IREF,IREF_2015,MULTINET,PCNET"
9,FLNC,0.999840259552002,0.9992594838142395,5,5,"CPDB,IREF,IREF_2015,MULTINET,PCNET"
10,GLI3,0.9998014569282532,0.998995327949524,5,3,"CPDB,IREF,IREF_2015,PCNET,STRING"
11,PTK2B,0.9997900128364563,0.9991626501083374,5,32,"CPDB,IREF,IREF_2015,MULTINET,STRING"
12,APOB,0.9997746348381042,0.9994141101837158,5,4,"IREF,IREF_2015,MULTINET,PCNET,STRING"
13,INPPL1,0.9997654557228088,0.9993524789810181,5,38,"CPDB,IREF,MULTINET,PCNET,STRING"
14,NOS1,0.9997653365135193,0.9994660973548889,5,16,"CPDB,IREF_2015,MULTINET,PCNET,STRING"
15,NRIP1,0.9997101426124573,0.998991048336029,5,35,"CPDB,IREF,IREF_2015,MULTINET,STRING"
16,DMD,0.9997047781944275,0.9995432138442993,5,5,"CPDB,IREF,IREF_2015,PCNET,STRING"
17,SMC4,0.9995710253715515,0.9990687966346741,5,19,"IREF,IREF_2015,MULTINET,PCNET,STRING"
18,PLEC,0.9999363422393799,0.9996819794178009,4,2,"CPDB,IREF,IREF_2015,MULTINET"
19,USP9X,0.9998738765716553,0.9995141476392746,4,9,"CPDB,IREF,IREF_2015,PCNET"
20,TTN,0.9998680353164673,0.9995016753673553,4,12,"CPDB,IREF,MULTINET,PCNET"
21,CTNNA1,0.9998494386672974,0.9994245022535324,4,9,"CPDB,IREF,PCNET,STRING"
22,HDAC4,0.9998443126678467,0.9995459616184235,4,4,"IREF,IREF_2015,MULTINET,PCNET"
23,HSPG2,0.9998395442962646,0.9993836283683777,4,18,"CPDB,IREF,IREF_2015,STRING"
24,COL1A2,0.9998243451118469,0.999551460146904,4,3,"CPDB,IREF,IREF_2015,PCNET"
25,IQGAP1,0.9998205304145813,0.9994290918111801,4,16,"CPDB,IREF,IREF_2015,STRING"
26,UTRN,0.9998189806938171,0.9994321912527084,4,22,"CPDB,IREF,MULTINET,PCNET"
27,DLG1,0.9998106360435486,0.9994684904813766,4,7,"IREF_2015,MULTINET,PCNET,STRING"
28,TNRC6A,0.9997885823249817,0.9989297837018967,4,17,"CPDB,IREF,MULTINET,STRING"
29,TAF1,0.9997672438621521,0.9993753135204315,4,12,"CPDB,IREF_2015,MULTINET,PCNET"
30,MAPT,0.999767005443573,0.9994940608739853,4,21,"IREF_2015,MULTINET,PCNET,STRING"
31,HUWE1,0.9997424483299255,0.9992813467979431,4,16,"CPDB,IREF,IREF_2015,MULTINET"
32,RYR2,0.9997392296791077,0.9990133345127106,4,19,"CPDB,IREF,IREF_2015,MULTINET"
33,RXRA,0.9997369647026062,0.9989915192127228,4,43,"CPDB,IREF,IREF_2015,STRING"
34,MYCBP2,0.9997326731681824,0.9995091408491135,4,4,"CPDB,IREF,IREF_2015,MULTINET"
35,NOTCH3,0.9997270703315735,0.999462902545929,4,9,"CPDB,IREF_2015,PCNET,STRING"
36,DST,0.9997056126594543,0.9993137270212173,4,27,"CPDB,IREF,IREF_2015,PCNET"
37,TP53BP1,0.9996850490570068,0.9993318766355515,4,10,"IREF,IREF_2015,MULTINET,STRING"
38,VCAN,0.999683141708374,0.998645156621933,4,21,"IREF,IREF_2015,MULTINET,PCNET"
39,MAP3K5,0.999671220779419,0.9994439035654068,4,35,"CPDB,IREF_2015,MULTINET,STRING"
40,CNOT1,0.9996433258056641,0.9994019567966461,4,42,"CPDB,IREF_2015,MULTINET,PCNET"
41,LRP1,0.9996035695075989,0.9992313385009766,4,25,"CPDB,IREF,IREF_2015,PCNET"
42,RASA1,0.999894380569458,0.9995792905489603,3,8,"CPDB,IREF_2015,STRING"
43,WNK1,0.9998873472213745,0.9990149736404419,3,10,"CPDB,IREF,MULTINET"
44,ITPR3,0.999874472618103,0.999642809232076,3,12,"CPDB,PCNET,STRING"
45,ROCK1,0.9998739957809448,0.9991056720415751,3,5,"IREF,IREF_2015,STRING"
46,MYLK,0.99986732006073,0.9996076226234436,3,6,"IREF_2015,PCNET,STRING"
47,PRKD1,0.9998284578323364,0.998945156733195,3,5,"CPDB,IREF,IREF_2015"
48,EEF1A1,0.9998121857643127,0.9995919068654379,3,5,"CPDB,MULTINET,PCNET"
49,TCF4,0.999811589717865,0.9994447231292725,3,12,"IREF_2015,PCNET,STRING"
50,CUL1,0.9998109936714172,0.9987897276878357,3,6,"IREF,MULTINET,PCNET"
51,GRIA1,0.9997981190681458,0.9992742538452148,3,17,"CPDB,IREF,IREF_2015"
52,PIK3CG,0.999797523021698,0.9996007482210795,3,2,"MULTINET,PCNET,STRING"
53,DYNC1H1,0.9997939467430115,0.9994462927182516,3,9,"CPDB,IREF,IREF_2015"
54,COL4A5,0.9997937083244324,0.9990567167599996,3,30,"CPDB,IREF,IREF_2015"
55,MCM7,0.9997747540473938,0.9995083411534628,3,20,"IREF_2015,MULTINET,STRING"
56,HTT,0.9997432827949524,0.9994233250617981,3,20,"CPDB,IREF_2015,MULTINET"
57,LRP2,0.9997404217720032,0.998889704545339,3,46,"CPDB,IREF,IREF_2015"
58,MAP1B,0.9997360110282898,0.9989399313926697,3,8,"IREF,IREF_2015,PCNET"
59,GRM1,0.9997244477272034,0.9992214639981588,3,45,"CPDB,IREF,PCNET"
60,CHD3,0.9997130036354065,0.9989056785901388,3,18,"IREF,IREF_2015,MULTINET"
61,EP400,0.9996943473815918,0.9995870788892111,3,21,"CPDB,MULTINET,STRING"
62,MAP2,0.9996774196624756,0.999513844648997,3,14,"CPDB,IREF_2015,MULTINET"
63,COL5A1,0.999672532081604,0.9989972710609436,3,46,"CPDB,IREF,IREF_2015"
64,DLG2,0.9996589422225952,0.9992092251777649,3,25,"IREF_2015,MULTINET,PCNET"
65,LRRK2,0.9996449947357178,0.9986661473910013,3,28,"CPDB,IREF,PCNET"
66,TJP1,0.9996320009231567,0.999607264995575,3,32,"CPDB,PCNET,STRING"
67,EPHB1,0.9996240139007568,0.9996019601821899,3,33,"MULTINET,PCNET,STRING"
68,FBN1,0.9996238946914673,0.9986278017361959,3,67,"CPDB,IREF,IREF_2015"
69,SHC1,0.9996082186698914,0.9994822144508362,3,30,"CPDB,MULTINET,PCNET"
70,PCNT,0.9995193481445312,0.9985426266988119,3,76,"CPDB,IREF,IREF_2015"
71,LAMB1,0.9994756579399109,0.9991130034128824,3,42,"IREF,PCNET,STRING"
72,ABCA1,0.9994722008705139,0.9991763631502787,3,24,"CPDB,IREF,IREF_2015"
73,SIN3A,0.9990887641906738,0.9986423254013062,3,54,"IREF,IREF_2015,MULTINET"
74,SVIL,0.9999276399612427,0.9996547102928162,2,5,"CPDB,IREF_2015"
75,EPHA2,0.9999074935913086,0.999862939119339,2,1,"CPDB,PCNET"
76,ACTN4,0.9998944997787476,0.9996488690376282,2,7,"CPDB,STRING"
77,ROBO1,0.9998880624771118,0.9985517859458923,2,3,"IREF,STRING"
78,PARD3,0.9998792409896851,0.9994973242282867,2,11,"CPDB,IREF_2015"
79,GRIA2,0.9998655319213867,0.9993120431900024,2,7,"IREF_2015,STRING"
80,KPNB1,0.9998506307601929,0.9995887875556946,2,3,"IREF_2015,MULTINET"
81,TGFBR1,0.9998475313186646,0.9997466206550598,2,10,"MULTINET,STRING"
82,CACNA1C,0.9998277425765991,0.9996094107627869,2,11,"PCNET,STRING"
83,ACACA,0.9998242259025574,0.9996079504489899,2,21,"CPDB,MULTINET"
84,SPTBN2,0.9998154044151306,0.9996301531791687,2,24,"CPDB,PCNET"
85,NEB,0.9998070597648621,0.9994101226329803,2,18,"CPDB,IREF"
86,ALB,0.999786913394928,0.9997565150260925,2,10,"CPDB,PCNET"
87,TOPBP1,0.9997816681861877,0.9995647668838501,2,29,"CPDB,IREF_2015"
88,SEC16A,0.9997814297676086,0.9994310438632965,2,14,"CPDB,IREF"
89,PLG,0.9997749924659729,0.9991636872291565,2,10,"IREF,MULTINET"
90,HIPK2,0.9997619986534119,0.9996152520179749,2,18,"CPDB,IREF_2015"
91,ARHGAP32,0.9997590184211731,0.9985951781272888,2,42,"CPDB,IREF"
92,COL4A4,0.9997279047966003,0.9988031089305878,2,50,"CPDB,IREF"
93,SHH,0.9997273087501526,0.9996313750743866,2,27,"PCNET,STRING"
94,AHNAK,0.9997209906578064,0.9993548393249512,2,20,"CPDB,IREF"
95,LAMA1,0.9997130036354065,0.9986474812030792,2,54,"CPDB,IREF"
96,LCP2,0.9997126460075378,0.9995981156826019,2,29,"PCNET,STRING"
97,FOS,0.9996932744979858,0.9996625781059265,2,19,"PCNET,STRING"
98,FANCM,0.9996758699417114,0.9992901086807251,2,37,"IREF_2015,STRING"
99,NUP205,0.9996750354766846,0.999558836221695,2,48,"CPDB,MULTINET"
100,GOLGB1,0.9996640682220459,0.9992201626300812,2,63,"CPDB,IREF_2015"
101,HDLBP,0.999663233757019,0.999604731798172,2,25,"MULTINET,STRING"
102,NRP1,0.9996545314788818,0.9995461404323578,2,40,"CPDB,STRING"
103,PTPRZ1,0.9996532201766968,0.9996035397052765,2,7,"CPDB,IREF_2015"
104,TRIO,0.9996459484100342,0.9991271197795868,2,27,"IREF,PCNET"
105,LRP6,0.9996362924575806,0.9994166195392609,2,45,"MULTINET,STRING"
106,HDAC6,0.9996180534362793,0.9994571805000305,2,68,"CPDB,MULTINET"
107,USP15,0.9996101260185242,0.9991283416748047,2,29,"IREF_2015,MULTINET"
108,NCAM1,0.9995878338813782,0.999011754989624,2,40,"IREF,PCNET"
109,ACTB,0.9995844960212708,0.9994652271270752,2,42,"MULTINET,PCNET"
110,GRIN2B,0.9995822310447693,0.9995587766170502,2,54,"PCNET,STRING"
111,INSR,0.9995637536048889,0.9992619454860687,2,47,"IREF_2015,PCNET"
112,TIAM1,0.9995507597923279,0.9991195201873779,2,15,"IREF,IREF_2015"
113,PRKCE,0.9995425939559937,0.9991626441478729,2,50,"IREF_2015,PCNET"
114,BPTF,0.9995394945144653,0.9994979798793793,2,46,"MULTINET,STRING"
115,CEP170,0.9995391368865967,0.9983381032943726,2,77,"CPDB,IREF"
116,UBR4,0.9995356798171997,0.9993561208248138,2,10,"CPDB,IREF"
117,PLCB1,0.9995341300964355,0.9995131492614746,2,42,"MULTINET,PCNET"
118,ANK2,0.9995267391204834,0.9994663596153259,2,81,"CPDB,PCNET"
119,GRM7,0.9995168447494507,0.9985106885433197,2,62,"IREF,PCNET"
120,NTRK2,0.9995039701461792,0.9990932047367096,2,66,"IREF_2015,PCNET"
121,IGF2R,0.9995030164718628,0.9994606971740723,2,68,"PCNET,STRING"
122,HLA-B,0.999496579170227,0.999459445476532,2,69,"PCNET,STRING"
123,DLG4,0.9994837045669556,0.9981740415096283,2,72,"IREF,STRING"
124,SMC2,0.9994679093360901,0.9993850290775299,2,88,"CPDB,STRING"
125,SLC9A1,0.999466598033905,0.9990361332893372,2,39,"CPDB,IREF"
126,MAP3K4,0.999461829662323,0.9994054436683655,2,27,"IREF_2015,MULTINET"
127,PPP3CA,0.9994578957557678,0.999089241027832,2,78,"IREF_2015,STRING"
128,AGTR1,0.9994484782218933,0.9990575611591339,2,82,"IREF_2015,PCNET"
129,CHD8,0.999446451663971,0.9990765154361725,2,47,"IREF_2015,MULTINET"
130,HERC2,0.9994314312934875,0.9988192021846771,2,50,"IREF,PCNET"
131,EPHB3,0.9994311928749084,0.9992949664592743,2,88,"MULTINET,PCNET"
132,NEDD4,0.9994288086891174,0.9992803335189819,2,90,"MULTINET,PCNET"
133,ITGB3,0.9994233846664429,0.9987795948982239,2,53,"IREF,STRING"
134,ZC3H13,0.999421238899231,0.9981867671012878,2,53,"IREF,MULTINET"
135,SPTA1,0.9994031190872192,0.9990014731884003,2,40,"CPDB,IREF"
136,SMAD7,0.99936443567276,0.9985267817974091,2,25,"IREF,IREF_2015"
137,MYH10,0.9993103742599487,0.9983317255973816,2,34,"IREF,IREF_2015"
138,AMOT,0.999290943145752,0.9981228113174438,2,74,"IREF,MULTINET"
139,SYNE1,0.9992069602012634,0.9991298317909241,2,8,"IREF,IREF_2015"
140,DYRK1A,0.9986997842788696,0.9981181025505066,2,69,"IREF,IREF_2015"
141,EXOC4,0.999923586845398,0.999923586845398,1,1,STRING
142,SLIT2,0.999907374382019,0.999907374382019,1,2,STRING
143,TNK2,0.9998533725738525,0.9998533725738525,1,2,MULTINET
144,NFATC1,0.9998084902763367,0.9998084902763367,1,14,STRING
145,MEF2C,0.999796450138092,0.999796450138092,1,15,STRING
146,PLXNA1,0.9997945427894592,0.9997945427894592,1,16,STRING
147,FLNB,0.9997915625572205,0.9997915625572205,1,31,CPDB
148,KRT14,0.9997857213020325,0.9997857213020325,1,34,CPDB
149,PLXNA3,0.9997850060462952,0.9997850060462952,1,18,STRING
150,FZD1,0.9997848868370056,0.9997848868370056,1,19,STRING
151,SYNJ2,0.99978107213974,0.99978107213974,1,9,MULTINET
152,MACF1,0.9997770190238953,0.9997770190238953,1,37,CPDB
153,RPS6KA2,0.9997665286064148,0.9997665286064148,1,13,MULTINET
154,PLXND1,0.999762237071991,0.999762237071991,1,22,STRING
155,NIPBL,0.9997561573982239,0.9997561573982239,1,23,STRING
156,ITGB4,0.9997451901435852,0.9997451901435852,1,24,STRING
157,MED1,0.9997439980506897,0.9997439980506897,1,14,MULTINET
158,FBN2,0.9997429251670837,0.9997429251670837,1,44,CPDB
159,ANK3,0.999728262424469,0.999728262424469,1,49,CPDB
160,RPTOR,0.9997190833091736,0.9997190833091736,1,28,STRING
161,CFTR,0.9997124075889587,0.9997124075889587,1,13,PCNET
162,NFKBIA,0.9997110962867737,0.9997110962867737,1,14,PCNET
163,SERPINH1,0.9997096657752991,0.9997096657752991,1,15,PCNET
164,KRT5,0.9997052550315857,0.9997052550315857,1,57,CPDB
165,MAP3K7,0.999702513217926,0.999702513217926,1,31,STRING
166,FLT1,0.9996973276138306,0.9996973276138306,1,18,PCNET
167,TNRC6C,0.9996960163116455,0.9996960163116455,1,33,STRING
168,STAT4,0.9996923208236694,0.9996923208236694,1,34,STRING
169,SMARCA2,0.9996863603591919,0.9996863603591919,1,22,MULTINET
170,CPS1,0.9996854066848755,0.9996854066848755,1,20,PCNET
171,NCOA6,0.9996833801269531,0.9996833801269531,1,23,MULTINET
172,EPB41L3,0.9996697902679443,0.9996697902679443,1,62,CPDB
173,MYH14,0.9996683597564697,0.9996683597564697,1,23,PCNET
174,ITGA2,0.9996678829193115,0.9996678829193115,1,24,PCNET
175,CASP1,0.9996557235717773,0.9996557235717773,1,39,STRING
176,PI4KA,0.9996532201766968,0.9996532201766968,1,41,STRING
177,ACTG1,0.9996428489685059,0.9996428489685059,1,29,PCNET
178,OBSCN,0.9996415376663208,0.9996415376663208,1,66,CPDB
179,PLCG2,0.9996383190155029,0.9996383190155029,1,43,STRING
180,RBPJ,0.9996379613876343,0.9996379613876343,1,44,STRING
181,NOTCH4,0.999625563621521,0.999625563621521,1,48,STRING
182,MYH7,0.9996237754821777,0.9996237754821777,1,35,PCNET
183,KCNMA1,0.999622106552124,0.999622106552124,1,36,PCNET
184,ATF4,0.9996196031570435,0.9996196031570435,1,28,MULTINET
185,ZYX,0.9996192455291748,0.9996192455291748,1,49,STRING
186,PRKCG,0.99960857629776,0.99960857629776,1,37,PCNET
187,EPHA5,0.9996073842048645,0.9996073842048645,1,38,PCNET
188,STAT5A,0.9996053576469421,0.9996053576469421,1,52,STRING
189,GTF3C1,0.9996044039726257,0.9996044039726257,1,31,MULTINET
190,CAMK2A,0.999602735042572,0.999602735042572,1,53,STRING
191,USP32,0.9996008276939392,0.9996008276939392,1,32,MULTINET
192,VCAM1,0.999599039554596,0.999599039554596,1,39,PCNET
193,ROCK2,0.9995924830436707,0.9995924830436707,1,55,STRING
194,DIAPH1,0.9995918869972229,0.9995918869972229,1,56,STRING
195,WWP2,0.9995810389518738,0.9995810389518738,1,34,MULTINET
196,ELMO1,0.9995809197425842,0.9995809197425842,1,59,STRING
197,MYH2,0.9995788931846619,0.9995788931846619,1,43,PCNET
198,F5,0.9995762705802917,0.9995762705802917,1,72,CPDB
199,HDAC5,0.9995750784873962,0.9995750784873962,1,61,STRING
200,LTBP1,0.9995741248130798,0.9995741248130798,1,73,CPDB
201,AHR,0.9995719790458679,0.9995719790458679,1,44,PCNET
202,ATP2A1,0.9995681643486023,0.9995681643486023,1,46,PCNET
203,NFATC4,0.9995617270469666,0.9995617270469666,1,35,MULTINET
204,OGT,0.9995597004890442,0.9995597004890442,1,63,STRING
205,DYSF,0.9995549321174622,0.9995549321174622,1,75,CPDB
206,HCFC1,0.9995430707931519,0.9995430707931519,1,37,MULTINET
207,FRAS1,0.9995390176773071,0.9995390176773071,1,78,CPDB
208,GYS2,0.9995384216308594,0.9995384216308594,1,51,PCNET
209,ACTA2,0.9995359182357788,0.9995359182357788,1,52,PCNET
210,KLF5,0.9995324611663818,0.9995324611663818,1,57,PCNET
211,PRKCH,0.9995267391204834,0.9995267391204834,1,61,PCNET
212,DPP4,0.999516487121582,0.999516487121582,1,84,CPDB
213,GLI2,0.9995121955871582,0.9995121955871582,1,63,PCNET
214,KPNA1,0.9995098114013672,0.9995098114013672,1,16,IREF_2015
215,ITGB1,0.9995081424713135,0.9995081424713135,1,64,PCNET
216,CHD7,0.9995064735412598,0.9995064735412598,1,40,MULTINET
217,CACNA1B,0.99950110912323,0.99950110912323,1,67,PCNET
218,ADCY2,0.9994951486587524,0.9994951486587524,1,70,PCNET
219,CACNB2,0.9994932413101196,0.9994932413101196,1,71,STRING
220,AXL,0.9994930028915405,0.9994930028915405,1,71,PCNET
221,ACTC1,0.9994903802871704,0.9994903802871704,1,72,PCNET
222,CEP350,0.9994812607765198,0.9994812607765198,1,86,CPDB
223,PIKFYVE,0.999479353427887,0.999479353427887,1,74,STRING
224,PRKAG1,0.9994686245918274,0.9994686245918274,1,76,STRING
225,ITGA4,0.9994670748710632,0.9994670748710632,1,78,PCNET
226,LIMA1,0.9994660019874573,0.9994660019874573,1,90,CPDB
227,LRP5,0.9994655251502991,0.9994655251502991,1,77,STRING
228,GAD2,0.9994577765464783,0.9994577765464783,1,79,STRING
229,PPP2R2B,0.9994576573371887,0.9994576573371887,1,80,PCNET
230,EPHB4,0.9994423985481262,0.9994423985481262,1,86,PCNET
231,XDH,0.999440610408783,0.999440610408783,1,87,PCNET
232,VWF,0.9994367957115173,0.9994367957115173,1,80,STRING
233,EIF3A,0.999433696269989,0.999433696269989,1,51,MULTINET
234,PROS1,0.9994316697120667,0.9994316697120667,1,92,CPDB
235,NPAS2,0.9994303584098816,0.9994303584098816,1,81,STRING
236,BCAR1,0.9994285702705383,0.9994285702705383,1,93,CPDB
237,SRRM2,0.9994205236434937,0.9994205236434937,1,95,CPDB
238,NGFR,0.9994187355041504,0.9994187355041504,1,84,STRING
239,PLCE1,0.9994183778762817,0.9994183778762817,1,55,MULTINET
240,SALL1,0.9994158744812012,0.9994158744812012,1,97,CPDB
241,ARG1,0.999413013458252,0.999413013458252,1,95,PCNET
242,SLC3A2,0.9994126558303833,0.9994126558303833,1,98,CPDB
243,RFC4,0.999411940574646,0.999411940574646,1,85,STRING
244,USP3,0.9994106292724609,0.9994106292724609,1,56,MULTINET
245,CD3E,0.9994102716445923,0.9994102716445923,1,86,STRING
246,BMP7,0.9994053840637207,0.9994053840637207,1,97,PCNET
247,PDS5B,0.9993976354598999,0.9993976354598999,1,57,MULTINET
248,MTR,0.9993975162506104,0.9993975162506104,1,58,MULTINET
249,GFPT2,0.9993953704833984,0.9993953704833984,1,98,PCNET
250,APPBP2,0.999388575553894,0.999388575553894,1,60,MULTINET
251,MDC1,0.9993860721588135,0.9993860721588135,1,61,MULTINET
252,CASP2,0.9993852376937866,0.9993852376937866,1,90,STRING
253,GRM5,0.9993832111358643,0.9993832111358643,1,100,PCNET
254,CARM1,0.9993740916252136,0.9993740916252136,1,91,STRING
255,LAMA5,0.99936443567276,0.99936443567276,1,63,MULTINET
256,LAMA3,0.9993594288825989,0.9993594288825989,1,93,STRING
257,HSPA8,0.9993587136268616,0.9993587136268616,1,64,MULTINET
258,CD86,0.9993552565574646,0.9993552565574646,1,94,STRING
259,GIGYF2,0.9993529915809631,0.9993529915809631,1,6,IREF
260,AKAP13,0.9993523955345154,0.9993523955345154,1,26,IREF_2015
261,BAZ1B,0.9993487000465393,0.9993487000465393,1,28,IREF_2015
262,ACTL6A,0.9993475079536438,0.9993475079536438,1,95,STRING
263,PAK2,0.999334990978241,0.999334990978241,1,96,STRING
264,MAPK10,0.9993336796760559,0.9993336796760559,1,97,STRING
265,MAMLD1,0.9993269443511963,0.9993269443511963,1,98,STRING
266,BDP1,0.9993249177932739,0.9993249177932739,1,70,MULTINET
267,MAP2K7,0.9993133544921875,0.9993133544921875,1,99,STRING
268,MAP1A,0.9993109703063965,0.9993109703063965,1,33,IREF_2015
269,SMC3,0.9993014335632324,0.9993014335632324,1,72,MULTINET
270,MALAT1,0.9992864727973938,0.9992864727973938,1,75,MULTINET
271,SMURF1,0.9992741942405701,0.9992741942405701,1,76,MULTINET
272,KAT2A,0.9992591738700867,0.9992591738700867,1,78,MULTINET
273,ARHGDIA,0.9992519021034241,0.9992519021034241,1,79,MULTINET
274,ZFPM2,0.999210000038147,0.999210000038147,1,82,MULTINET
275,PKD1,0.9992091059684753,0.9992091059684753,1,39,IREF_2015
276,EPN1,0.9992061257362366,0.9992061257362366,1,83,MULTINET
277,DDB1,0.9992009997367859,0.9992009997367859,1,85,MULTINET
278,EPOR,0.9991995692253113,0.9991995692253113,1,41,IREF_2015
279,HDAC7,0.9991804957389832,0.9991804957389832,1,87,MULTINET
280,SHANK2,0.9991642236709595,0.9991642236709595,1,44,IREF_2015
281,DAPK1,0.9991596937179565,0.9991596937179565,1,46,IREF_2015
282,SMARCC2,0.9991564750671387,0.9991564750671387,1,47,IREF_2015
283,HMGB1,0.9991497993469238,0.9991497993469238,1,89,MULTINET
284,RERE,0.9991487264633179,0.9991487264633179,1,48,IREF_2015
285,PTK2,0.9991439580917358,0.9991439580917358,1,49,IREF_2015
286,PAX6,0.9991357922554016,0.9991357922554016,1,90,MULTINET
287,CAD,0.9991289973258972,0.9991289973258972,1,92,MULTINET
288,HIVEP1,0.9991214871406555,0.9991214871406555,1,93,MULTINET
289,CFLAR,0.999108612537384,0.999108612537384,1,94,MULTINET
290,MTA1,0.9990850687026978,0.9990850687026978,1,95,MULTINET
291,HGS,0.9990620017051697,0.9990620017051697,1,97,MULTINET
292,IL2RG,0.9990541338920593,0.9990541338920593,1,56,IREF_2015
293,KPNA4,0.9990536570549011,0.9990536570549011,1,57,IREF_2015
294,PPARGC1A,0.999036431312561,0.999036431312561,1,99,MULTINET
295,PRKCA,0.9990321397781372,0.9990321397781372,1,60,IREF_2015
296,HDAC9,0.998945415019989,0.998945415019989,1,69,IREF_2015
297,PTPRJ,0.998930037021637,0.998930037021637,1,71,IREF_2015
298,ATF2,0.9989140033721924,0.9989140033721924,1,72,IREF_2015
299,RIMS2,0.9989050626754761,0.9989050626754761,1,74,IREF_2015
300,AKAP6,0.9988917708396912,0.9988917708396912,1,30,IREF
301,KALRN,0.9988576173782349,0.9988576173782349,1,31,IREF
302,ARFGEF1,0.9988048076629639,0.9988048076629639,1,81,IREF_2015
303,VPS13A,0.9988045692443848,0.9988045692443848,1,82,IREF_2015
304,TRPC4,0.998781144618988,0.998781144618988,1,85,IREF_2015
305,MDN1,0.9987803101539612,0.9987803101539612,1,32,IREF
306,CDH2,0.9987702965736389,0.9987702965736389,1,33,IREF
307,DLGAP4,0.9987622499465942,0.9987622499465942,1,88,IREF_2015
308,STAT1,0.998673677444458,0.998673677444458,1,98,IREF_2015
309,SYNE2,0.9982196688652039,0.9982196688652039,1,49,IREF
310,WWP1,0.9980477094650269,0.9980477094650269,1,54,IREF
311,HNF4A,0.9980327486991882,0.9980327486991882,1,56,IREF
312,KANSL1,0.9980005621910095,0.9980005621910095,1,58,IREF
313,TIAM2,0.9977626800537109,0.9977626800537109,1,61,IREF
314,AP2A2,0.9976329803466797,0.9976329803466797,1,64,IREF
315,COL6A3,0.9976158142089844,0.9976158142089844,1,65,IREF
316,ARHGEF2,0.9976112842559814,0.9976112842559814,1,66,IREF
317,MUC17,0.9975335597991943,0.9975335597991943,1,70,IREF
318,COL4A1,0.9974143505096436,0.9974143505096436,1,77,IREF
319,L1CAM,0.9973589777946472,0.9973589777946472,1,79,IREF
320,NR3C1,0.9972398281097412,0.9972398281097412,1,82,IREF
321,MYO9A,0.9971447587013245,0.9971447587013245,1,86,IREF
322,MYH6,0.9970754384994507,0.9970754384994507,1,89,IREF
323,RIPK1,0.9970493316650391,0.9970493316650391,1,90,IREF
324,RHOBTB1,0.9969847798347473,0.9969847798347473,1,92,IREF
325,COL4A2,0.996895432472229,0.996895432472229,1,95,IREF
326,DCLK1,0.9967834949493408,0.9967834949493408,1,100,IREF
